"","Acc","b-Acc","Se","Sp","MCC","AUC"
"CART",0.886274509803922,0.658869395711501,0.37037037037037,0.947368421052632,0.348201184335168,0.775666016894087
"NN",0.905882352941176,0.555555555555556,0.111111111111111,1,0.317063243737114,0.555555555555556
"LDA",0.866666666666667,0.582602339181287,0.222222222222222,0.942982456140351,0.193570354484646,0.757797270955166
