"","Acc","b-Acc","Se","Sp","MCC","AUC"
"CART",0.868312757201646,0.613846951338042,0.289617486338798,0.938076416337286,0.251089560787272,0.689131154740563
"NN",0.892416225749559,0.5,0,1,0,0.70549399915045
"LDA",0.876543209876543,0.623264001382319,0.300546448087432,0.945981554677207,0.280704277079206,0.762421074609243
