"","Acc","b-Acc","Se","Sp","MCC","AUC"
"CART",0.968879668049793,0.872674418604651,0.75,0.995348837209302,0.828865865454253,0.920853210097396
"NN",0.998616874135546,0.993589743589744,0.987179487179487,1,0.992799750986304,0.993589743589744
"LDA",0.912863070539419,0.706037567084079,0.442307692307692,0.969767441860465,0.486288084918518,0.919456867421984
