	Acc	b-Acc	MCC	Recall	AUC	Se	Sp	f1b
CV-RF_py_ghost__RF_balanced_ghost	NA	NA	NA	NA	NA	NA	NA	NA
Train-RF_py_ghost__RF_balanced_ghost	0.9815225424981523	0.9211519607843137	0.9051493761595276	0.8431372549019608	0.9211519607843137	0.8431372549019608	0.9991666666666666	0.9583952451708766
Test-RF_py_ghost__RF_balanced_ghost	0.895397489539749	0.617837176799441	0.34163203309560725	0.25925925925925924	0.617837176799441	0.25925925925925924	0.9764150943396226	0.46666666666666673
