"","Acc","b-Acc","Se","Sp","MCC","AUC"
"CART",0.958610495195861,0.83125,0.666666666666667,0.995833333333333,0.777447929059563,0.87541394335512
"NN",0.920177383592018,0.681274509803922,0.372549019607843,0.99,0.521910478379249,0.681274509803922
"LDA",0.912047302291205,0.719460784313726,0.470588235294118,0.968333333333333,0.508617564751108,0.913360566448802
