"","Acc","b-Acc","Se","Sp","MCC","AUC"
"CART",0.857740585774059,0.645090845562544,0.37037037037037,0.919811320754717,0.290181691125087,0.73759608665269
"NN",0.882845188284519,0.578441649196366,0.185185185185185,0.971698113207547,0.237007864960005,0.578441649196366
"LDA",0.841004184100418,0.603336827393431,0.296296296296296,0.910377358490566,0.206673654786862,0.774458420684836
