"","Acc","b-Acc","Se","Sp","MCC","AUC"
"CART",0.870603015075377,0.60955303745672,0.272222222222222,0.946883852691218,0.258901251321533,0.721571057601511
"NN",0.886934673366834,0.5,0,1,0,0.729237488196412
"LDA",0.870603015075377,0.641060749134404,0.344444444444444,0.937677053824363,0.305816928970079,0.779898489140699
