	Acc	b-Acc	MCC	Recall	AUC	Se	Sp	f1b
CV-RF_py_ghost__RF_balanced_ghost	NA	NA	NA	NA	NA	NA	NA	NA
Train-RF_py_ghost__RF_balanced_ghost	0.9847856154910097	0.9463923673225999	0.9192969222284092	0.8974358974358975	0.9463923673225999	0.8974358974358975	0.9953488372093023	0.9459459459459458
Test-RF_py_ghost__RF_balanced_ghost	0.8980392156862745	0.5838206627680311	0.27953846976119434	0.18518518518518517	0.5838206627680311	0.18518518518518517	0.9824561403508771	0.3968253968253968
